Page,Primary topic,Supporting intent,Audience,Measurement status,Next evidence
/,Guest posting agency,Worldwide publisher matching and link building,Brands and agencies,NO BASELINE DATA,Search Console page and query export
/guest-posting,Guest posting services,Guest post cost and article requirements and agency orders,Worldwide buyers,NO BASELINE DATA,Queries and qualified enquiries
/link-insertion,Link insertion services,Contextual backlinks and niche edit selection,Worldwide buyers,NO BASELINE DATA,Queries and qualified enquiries
/seo-services,Off-page SEO services,Campaign planning and publisher outreach,Worldwide brands and agencies,NO BASELINE DATA,Queries and qualified enquiries
/guest-post-quality-checklist,Guest post quality checklist,Website evaluation and free review worksheet,Agency teams and buyers,NO BASELINE DATA,Organic visits and resource mentions
/blog/guest-posting-vs-link-insertion,Guest posting vs link insertion,Choosing a new article or an existing placement,Research-stage buyers,NO BASELINE DATA,Query impressions and service-page visits
/blog/how-to-choose-guest-post-sites-usa-uk,Choosing USA and UK guest post websites,Audience-country fit and publisher evidence,USA and UK acquisition priority,NO BASELINE DATA,Country-filtered queries and clicks
/blog/guest-posting-that-earns-its-place,Guest post topic selection,Relevance and editorial fit,Worldwide marketers,NO BASELINE DATA,Organic queries and internal referrals
/blog/what-makes-a-backlink-useful,Backlink quality,Relevance and context and page value,Worldwide marketers,NO BASELINE DATA,Organic queries and internal referrals
/about,About Web Grouth,Founder and service process,Branded search,NO BASELINE DATA,Branded queries
/contact,Contact Web Grouth,Email and WhatsApp support,Branded search,NO BASELINE DATA,Qualified enquiries
/order,Web Grouth guest post order,Submit a placement brief,Transactional visitors,NO BASELINE DATA,Confirmed submissions when tracking is connected
